"Looking for some beautiful images. Having a really crappy week, and need some support. #depression. Post some great beauty.  Thank you.",1
"When teens feel down, there are ways they can cope with these feelings to avoid serious #depression, such as make new friends or social connections and participate in sports or school activities. Call Focus & Balance at 210-858-9980 to learn more and see how we can help.  pic.twitter.com/ydrYcTBD2r",0
"All up in my #depression feels, today... fuckkkk  pic.twitter.com/gNza4Pzn0p",1
#depression  A word that not many people understand. A word that many people fear.  A word that should be spoken about more freely. A word that shouldn't hold any shame.  A word with no jokey come backs.  DEPRESSION it's not a swear word.  It's ok not to be ok #DepressionIsReal,0
Why is my life so cruel????? #depression,1
#Depression only exists in a brain that ACCEPTS IT???? #WALLPAPER pic.twitter.com/bfLLvZRwmn,0
"when you care about someone and trying to help them, just hope they listen and keep positive thoughts. When they’re in “depressed” #depression wish I can help her. Talk with her make her smile",0
Some thoughts on #depression about a month into my latest episode ????  pic.twitter.com/P6I7bMMBFc,0
"If someone has the courage & trust to share their struggles of #depression or #suicide ideation with you, PLEASE, please be there to listen & support  them! You may be the only person with whom they've been able to open up to. It's not easy to reach out!",0
"Always here, right? I'd like to see five of my friends post this message (Not share) to show u are always there if someone needs to talk. I think I know who will. ???? #depression kills ????",1
"???????????? ???? ???????????????????????????? ???? ???????? ?? ???????????????? ???? ?????? ?????? ??????????????, ?? ???? ?????? ?????? ?????? ??????. #depression",0
Heal me???? #art #watercolor #depression  pic.twitter.com/L8QPWAbvZO,0
"#Geriatrics & #Depression: Depression affects many older adults receiving home care, but often is not properly treated.  pic.twitter.com/pusuXIK4gp",0
"Depression may carry a feeling of worthlessness in which you feel like you can't do anything. This only makes you feel worse about yourself and drags you into an even deeper state of #depression. To push back, set small daily #goals for yourself that you can accomplish for sure! pic.twitter.com/VhC03lIbpW",0
"If you’re feeling depressed know that your not alone. Know I see u, I hear u and I support you. Know that I am masters level trained therapist. Know that while it’s ok to pray it’s ok to seek Professional help too. Know that Black people men and women are not immune. #depression  pic.twitter.com/91hb9sz8se",0
My mom said she was going to take me to the hospital so I started freaking out. Threw up on the living room floor.  Not much the hospital can do for me so what’s the point of going? #depression #anxietydisorder,1
"With my #depression I find there is often a unattached feeling of despair that attaches itself to moments, the more fitting a moment the more it expands. People then think it's the sad moment that's the issue, but even without that, the depression is still there.",1
"Suffering from serious depression ????  Sucks my plans, times everything ???? #unknown #reason #depression ",1
I don't know but today is such a bad day. So much is floating around in my head and I don't wanna do anything. Just wanna lay in bed and cry over how useless and worthless I am. I hate my #depression,1
"Waiting for my ins. to kick in so I can get treated for depression. Until then, for a mere 50 cents I can feed these turtles. They make shit therapists though. They keep telling me to drown myself in their pond so I can become one of them. It’s not bad they say ???????????. #depression  pic.twitter.com/0QJRWUgAPH – at McGough Nature Park",1
Exercise is a powerful tool for dealing with #depression,0
Adulting day #1772 (1) - (thread)  Major depressive episode hit last night... #depression #DepressionIsReal pic.twitter.com/v5XIiYG8aS,0
"""AUTISM AND DEPRESSION""  ... I hate it when I get the feels... If you suffer from autism, you'll probably get this image...  #autism #depression  pic.twitter.com/rz3zmMaK9a",1
"I have never experienced more of an emotional rollercoaster like I did with my #anxiety and #depression than I did yesterday. Not since I was at least 19. The guilt I feel today for how I treated my child is immense. These disorders are no joke. I'm sorry and I love you, Bug.",1
"We would like to have a conversation on Twitter with an athletic trainer, about the effects seen on #depression and #anxiety when a person with these issues has begun training. We know you're out there! Share your experience and let us amplify it for others!",0
"Quote: “ #Stress, #anxiety and #depression are caused when we are living to please others.” Paulo Coelho  pic.twitter.com/Cy8zun5IFm",0
And I can’t do anything about it ???? #depression  pic.twitter.com/xviBD0HpaE,1
"""I used to think that the worst thing in life was to end up alone. It's not. The worst thing in life is to end up with people who make you feel alone"".  #RobinWilliams #loneliness",0
You try hard to forget the person whom you loved more than yourself.  #loneliness #brokenheart pic.twitter.com/SzLSq8MsNQ,0
"sometimes loneliness is more than just being alone in life. it's the idea of doubt, loss and emptiness. it can be having a family but yet noone to talk to about your problems.   #loneliness #selfcare #mood",0
"What I don't know is how to fight the #loneliness. Lonely at work, lonely at home. Me, my thoughts and silence. You can build a very awful depression on it, doubt it that one can build a positive and happy person from a shit like that. But one can always try, I'll. Advise welcome",1
"THIS IS #REALITY TRYING TO #DRAG ME DOWN...DEPRIVING ME OF MY PEACE AND MY SLEEP. THE MISCHIEVOUS ELF REPRESENTS THE REMINDER OF MY #LONELINESS, THE DISCOMFORT THE BOY IS EXPERIENCING REPRESENTS HOW MY PAIN IS CONSTANT AND SHARP...I DON'T EXIST TO ANYONE ON TWITTER OR ANYWHERE.????  pic.twitter.com/IrVVVMNkMO",1
If medical doctors could be trained to assess loneliness and have more places to refer their lonely patients to (other than the pharmacy for their anti-depressant) we may be able to calm the tsunami of loneliness in our country. #loneliness  pic.twitter.com/sIePoRLeRV,0
"Nowadays, people are feeling lonelier because the quality of friendships and relationships are perceived to be of lower quality than in the past. #loneliness",0
//My TL dies in the afternoons.  I've followed about six gazillion people and still get about three tweets an hour.  #Loneliness,0
"Sucks that the only place I can go to if I can’t handle #loneliness, is the one I don’t feel safe in.   And the only person I can _try_ to ask help if I need it, is the one I don’t trust.",1
"Both addictive romantic relationships and toxic friendships leave us lonely. When we are always engaged in power struggles, there is no chance for real connection. #loneliness #psychology #choosetherapy",0
I don't want to be alone right now. Please the one man who can help me deal with this. Don't make me go through this alone. I'm already so broken. #LOST #loneliness #sad,1
hate being alone man. alone in life alone in my head it just sucks #loneliness,1
Using #powerbi Key Influencer with prediction of #loneliness dataset explained by NOMIS lone parent dataset  #data4socialgood pic.twitter.com/bkxdfCUsib,0
"don't tell me to cheer up; w/no friends (i want to see), no gf, no pets, i'm prob more #alone than u are #loneliness #antinatalism",1
"i'm just a lil boat in the middle of the ocean: lost, alone, & always getting battered by forces beyond my control #antinatalism #loneliness",1
"#fridayfact 17% of older people are in contact with family, friends and neighbours less than once a week and 11% are in contact less than once a month. #loneliness  pic.twitter.com/RoNJVWr7m4",0
When you’re so unbearably lonely that you want to die. #depression #loneliness,1
"Human beings are designed for many things, but loneliness isn't one of them.?? #love #loneliness #Humanity ???????????????? pic.twitter.com/dcEHDhFTOx",0
"Loneliness can feed depression, and depression can trigger loneliness. The important thing to remember about this cycle is that small steps can help us change. Therapy can help you identify those steps. #onlinetherapy #loneliness #depression pic.twitter.com/T98xRnnlCQ",0
I feel I shud not b here #loneliness #badday pic.twitter.com/U4K4guKRus,1
2 days to our meetup.. #loneliness #supportgroup #meetup,0
"Despite the weather we are having, we shall be at the stall with hot food and drinks on Saturday. Come and say hello to the team #food #foodbank #loneliness",0
In times like this is when I wonder how it will be like to just be by myself???? #loneliness,1
"Loneliness frazzles the body, mind and soul.  Sounds muted outside of, the sound of silence...deafening.  #loneliness",0
My biggest wish is to one day have a true friend. To be accepted the way I am.  #friendship #loneliness #acceptance,1
"My dark side is also part of me. Trying to tolerate my irritation. Guess I need some #metime, but how without feeling guilty in children holiday season  #acceptance #loneliness",1
3 days left until our first meetup.. #supportgroup #meetup #loneliness,0
"My phone is now strictly for music, memes, twitter, and YouTube bcx nobody calls or texts me???? #loneliness",1
Now playing #Tomcraft - #Loneliness on Total Dance,0
"In Quebec City, family went to a chocolate store, and spent way to long in there. I wanted to leave because the girl behind the cash register was so damn beautiful. The longer I spent in there the more painful it was. #lonely #loneliness",0
Feeling kind of blue today. A good acquaintance from long back has not answered messages on any of their media platforms in a while...What happened to them? ???? #sad #loneliness #confusion pic.twitter.com/lWtx4Ucqy8,1
I Barely Tweet???? I Have No Followers???? #loneliness #lol #me,0
Loneliness is probably one of the worst feelings there is. That’s why community is such a high priority for us here at Christians Against Poverty. We want our clients to know that they’re not alone - we are on their side. #YouMatter #Loneliness,0
"Not being lonely involves so much more than just being in the company of others: a sense of community, a tribe, common values, goals, shared rituals, shared risks, the warm feeling that you are surrounded 24/7 by people who will risk their lives for you.   #loneliness",0
We are drowning in company but dying for companionship.  #loneliness #lonelinessepidemic,0
living the moment  losing focus   #mindfulness #ThoughtOfTheDay #loneliness,0
"Next to death, being alone in life is the most feared experience for any human being, regardless of their generational label. #loneliness #connectedbutalone",1
Can we stop complaining about #loneliness until we recognize that we have institutionalized self-sufficiency and pathologized human interaction?  pic.twitter.com/sCFjoC5yOw,0
Breakdown of #jointfamily systems due to economic opportunities has increased #loneliness among #seniorszn pic.twitter.com/MyLVE432ow,0
"With ageing populations at risk of #loneliness and #depression (and depression's myriad health effects so higher healthcare costs), as well as rising childcare costs, approaches like intergenerational care seem beautifully cost efficient and solve 1 problem with another problem. pic.twitter.com/QouBTSRhR6",0
Fellow #introvert : How do you deal with #loneliness ?,0
Supporting the most vulnerable members of our community who are at risk of #socialisolation and #loneliness  pic.twitter.com/4vNqE9Ss0P,0
Not everyone wants to see me happy ???? #loneliness,1
"#Researchers Working on Pill for #Loneliness... Making something for the millennials, eh? Who can stand the little smug self-satisfied snots!",0
#lonely #loneliness #imsolonely if anybody wants to talk im here,0
Why it's simple to just stop texting #loneliness #friends #Text,1
The real question is: why isn't he worth the investment as a long-term romantic partner? #depression #anxiety #loneliness,0
Look what's arrived :) 'Connect to' badges for all our lovely #socialconnectors Join us in ending #loneliness #isolation Contact charlotte@dva.org.uk to find out more:) pic.twitter.com/94Ov7UvENe,0
"Loneliness is quite common in the elderly. Isolation and inactivity may harm a loved one’s mental, physical, and emotional health. Visit them and bring them to social events such as family gatherings.   #PassionateHeartHospice #Loneliness  pic.twitter.com/lq9et0AsHq",0
Big Dog doesn't understand me. #creativity #loneliness,0
#Loneliness is my least favorite thing about life....  pic.twitter.com/JZoErLIrgZ,1
"Something I'm trying to do now - but not succeeding. Thinking of totally abandoning all my plans for Kindness Collective, Camerados, Friendly Bench etc and retreating back into my flat and never getting involved with anything again. #Abandoned #Loneliness #Friendless pic.twitter.com/OeYiaUa0WG",1
You haven't experienced #loneliness until you've reached the last cage in the frozen chamber of a 40ft trailer.,0
Winter and holidays can be challenging seasons for older adults--especially for those living alone.  Come to EPL September 5 at 6:00 PM to learn ways to deal with #loneliness. Our special guest will be Cris Hughes from AARP. #OurEuclid pic.twitter.com/rh0S4FhIm9,0
Loneliness is as bad for your health as 15 cigarettes a day. Let that sink in #sadgirlsclub #loneliness,0
Music is my refuge. I can crawl into the space between the notes and curl my back to loneliness.  #quote #music #loneliness  pic.twitter.com/an8NoNTB6r,1
It’s NORMAL to feel lonely when you don’t have a partner and you want one. #Loneliness is an emotion that signals that a need is not being met. It’s not something you get over by thinking it away or by making more friends. #emotion #attachment,0
Ke na le problem le #loneliness guys... there are way too many of us in the world to have some people find themselves lonely and alone.,1
Any NA gamers out there? I’ve got no friends here... #loneliness #fortnitepartner,0
"Just realized the last time I was someone’s type, I was donating blood... #loneliness",0
I always complain about being bored and having no one to hangout with but as soon as someone asks I say no because I’ve accepted the fact that I love my bed too much to leave it #loneliness,1
"“In utter loneliness, a writer tries to explain the inexplicable.” ?? ?? ?? ?? ?? ?? ?? ?? ?? ?? ?? ?? ?? ?? ?? ?? ?? ?? ?? ?? -?? John Steinbeck #writing #loneliness",0
Life can be so lonely sometimes. #Loneliness #depression,1
Thank you #FareedZakaria for highlighting “#Loneliness as an Epidemic”.  We humans are pack animals and not meant to live in isolation. We don’t have the speed of jaguars or the strength of gorillas but we do have social connections skills. We need each other to survive.  pic.twitter.com/FR89506MZ7,0
When you go out and try to be a part of life & end up feeling like you are less a part of it then when you started. #Loneliness  pic.twitter.com/J625NXrWDb,0
"It doesn’t help that I live on my own in a bachelor apartment the size of a storage locker. I need to find a bigger, & better apartment. #depression, #loneliness",1
"Sometimes I want to apology just to make things better.  I have nothing to apologize, very opposite of that, I deserve an apology.  But my heart smells of loneliness and desperation... #lost #loneliness",1
"In addressing loneliness, a danger that we must watch out for is indulging in the sexy new robotic industry to provide the lonely with robot companions. #loneliness  pic.twitter.com/4QafHgHhnj",0
This is why our services are so important #loneliness  pic.twitter.com/4m1znv2l7T,0
#Loneliness 150   ????????????????????????2???????????????????????????????????????????????????????   ??????????????????????????????????????????????????????????w   ????????????????????????????????????????????????????????????????????     ?????????????????????????????????????????????????   ??????????1????????????????????????,0
#Loneliness 149    ????????????????????????  ??????????????????????????????????w  ?????????????????????.......   ??????????????????????????????????????????????????????  ????????????????????????????????????  ?????????????????????????  ??????????????????????????????????????????????????????????????????????????????   ???????????????????????????  pic.twitter.com/Q2vTLYkGYm,0
#Loneliness 148  ??????????????????????   ??????????????????????????????????????????ww  ?????????w   ?????????????????????????????????????????????????????????   ?????????????????????????????????????????????????????   ???????????????????????????????????????,0
#Loneliness 147  ??????????????????????????????????????? ??????????????????????????????????????????????????????????????????????????????????????????????????????????????????  ?????????????????????????????????????????????????   ???????????????????????????????????????????????????????????????????   ?????????????????????????.......,0
#Loneliness 146    ?????????????????????????????????????????????????????????  ????????????????????????????????????????????????????????????????????????????????????????????? ??????????????????????????????????????????????????? ???????????????????????????????????   ????????????????????????????????????????????.......,0
#Loneliness 145  ????????????????????????????????????????  ???????????????????????????????????  ???????????????????????????????????????????????????????????????????????????????????????????????????????????????????????????????????????????????  ??????????????????????????????????????????????????????  ?????????????????????????????????????????????????????????????????????????????????,0
#Loneliness 144   ????????????????????   ????????????1??????????????????????????????????2???????????????????????????????????????????  ???????????????????????????????????????????????????????????????.......   ??????????????????????????? ??????????????????????????????????????????????????  ????????????????????????????????  ???????????????.......,0
#Loneliness 143  ???????????????????????????????????????????????????????????????  ??????.......   ????????????????????????????????????ww   ????????????????????????   ??????????????????????????????????????????????????????????????????????????????????????????????w  ?????????.......   (??????????????????????????????????????????)  pic.twitter.com/mJzsZjI4AY,0
#Loneliness 142  ???????????????????   ???????????????????????????????????   ??????????????????????????????????????????????????ww????????????????????????????   ????????????????????????????????????????????? ?????????????????????????????????   ?????????w????????????w  pic.twitter.com/2hJYbiVJnU,0
#Loneliness 141  ??????????????????????????????????????????????   ???????????????????????   ????????????????????????????????????????????   ??????????????????????????????????????????????????????????????w   ???????????????????????   ?????????????????????????????????????????????????????,0
#Loneliness 140  ?????????????????????????????????????????????????????????????????????????????????????  ?????????????????????????? ?????????w   ???????????????????????????????????????????????????????????????????????????????????ww   ?????????w.......   ??????????????????????????????w    ????????????????????????,0
#Loneliness 139   ???????????????????????????????????????????????????????????????????????   ??????????????????????????????????????????????????????????????w   ??????????????????????????????   ????????????????????????   ??????????????????????????????????????   ???????????????????????????????????????????  ????????????????????????,0
#Loneliness 138    ?????????????????????????????????????????????????????????????????????????????????????????????????2????????????????????????   ????????????.......   ????????????????????????2??????????????????????????????????   ????????????????????????????????????????????????????   ??????.......   ????????????????????,0
#Loneliness 137.5  ?????????????????????????????????????????????????????????????????????????????????   ?????????????????????w??????????????????????????   ??????????????????????????????????????   ???????????????w??????????????????w  ?????????????????????????????w   ??????????????????????????   ????????????????????w  pic.twitter.com/tAiKEuhgZ3,0
#Loneliness 137  ???????????????????????????????????????????????????????????w   ????????????????????????????????????????????????ww   ???????????????????????????????????????????????????????????   ???????????????????????????????????????????????????????????????w   ???????????????????????   ??????????????????w,0
#Loneliness 136  ???????????????2?????????????????????????????....  ?????????????????????????????  ????????????????????????????????????  ???????????????????????????????????????????????????????????????????????????????????????????????????????????????????????????????????????????????????????????   ???????????????.......  pic.twitter.com/4zVyJpDKc3,0
#Loneliness 135   ?????????   ?????????????????2??????  ?????????????????????????????????????   ?????????????????????????????????????????????????????????????????????????????   ?????????????????????2?????????????????????????????????????????????????????????????????????????????????,0
#Loneliness 134   ????????????????????????????????????????????????????????????????????????????????   ????????????????????????.......   ???????????????????????????????????????????   ????????????????????????   ?????????????????????????????????????   ????????????.......  ???????????????????????????????????????????????????.......,0
#Loneliness 133    ?????????????????????2??????????????????????????????????????????????????????????????   ??????????????????? ??????????  ???????????????2???????????????????????   ????????????????????????????????????????????????w   ???????????????????????????????.......   ???????????????????????????????????????  ?????????.......  pic.twitter.com/k1dJsD31gy,0
#Loneliness 132    ????????????????????????????????????????????????????????????????????  ???????????????   ????????????????????????   ??????????w????????????????????????????????????    ???????????????.......   ????????????????????????????????????.......  ???????????????2??????????????????????????  pic.twitter.com/RdzmWejXLZ,0
#Loneliness 131  ????????????????????????????????????????  ??????????????????????????????????????????????????????????????  ??????????????????????????????????????????????????????????????.......   ??????????????????????????????????????????????????????????????.......   ????????????.......w,0
#Loneliness 130  ????????????????????????????????????????????????????????????????????????????????????????  ????????????????????????????????????????????   ????????????????????????.......????   ????????????????????????????????????????w   ??????????????????????????????????????   ???????????????????????www   ??????????????????????????????????,0
#Loneliness 129   ????????????????????????????????????   ????????????????????????????????????????????????....... ????????????????????????????????????????????????????????????????????????????????????????????????????????????????????????????????  ??????????????????????????????????????????????????????????????????.......   ?????????????????????????.......,0
#Loneliness 128  ?????????????????????????????????????  ???????????????????????   ?????????????????????????????????????????   ?????????????????????????????????????????????????????????????????????  ???( ????????????????????????? )   ???????????????????????????   ?????????????????????????????????????????????   ?????????  pic.twitter.com/iAprwpAnjK,0
#Loneliness 127  ???????????????????????????????????  ???????????????????????????????????????????????????????????????????????  ????????????????????????   ?????????????????????????????????????????????????????????????????????   ???????????   ?????????????????????????????????????w  pic.twitter.com/tTr94bGuGf,0
#Loneliness 126  ??????????????????????????????4?????????????????????????????????????????????????????????????????????   ???????.......?????????????????????????????  ????????????.......???????   ??????????????????????????????????????????w  ?????????????????????????????????????????????????????????????????????????????????ww   ??????????????????????????????????,0
#Loneliness 125   ?????????????????   ?????????????????????ww   ????????????????????????w??????????????????????????????????????????????   ????????????????????????????????????????????????????????????????????????ww   ?????????????????????????.......    ????????????????????   ??????????????????????????????????????????????w  pic.twitter.com/4EQO8kFgbo,0
#Loneliness 124  ???????????????????????  ??????????????????????????????w    ?????????   2????????????????????????   ?????????  ?????2??????????????????????????????  ????????????  ???????????????????????????????????????ww   ?????????????????????????????????????????????????ww   ???????????????????  ??????????????????????????????w  pic.twitter.com/c6NCrT1pUF,0
#Loneliness 123  ????????????????????????????????   ?????????????????????????????  ?????????????????????????????????????????????????????????????????????w   ??????????????????????????????????????????????????????????????????????????????w  ?????????????????????w   ?????????????????????? ????????  ??????????????????????????  pic.twitter.com/frGftfFjOV,0
#Loneliness 122   ???????????????????????????????????  ???????????????????????????????????????????????????????????   ???????????????????????????   ??????????????????????????????????????????????   ????????????????????????   ????????????????????????????w   ????????????????????????????????????   ???????????,0
#Loneliness 121   ?????????????????????????????????????????????????????????????????????????? ??????????????   ???????????????.......   ??????????????????....... ????????????.......  ?????????????????????????????????  ?????????.......   ???????????????????????????????????????????? ??????????????????????????????????????????????,0
#Loneliness 120   ???????????????????  ??????????????????????????????????????ww  ????????????????????????????????????????????????????????????????????????????????    ?????????.......  ?????????LINE????????????LINE????????????   ??????????????????????????????????????????????????????????   ??????????  ?????.......????  pic.twitter.com/rLDG4ogYnz,0
#Loneliness 119   ?????????????   ???????????????????  ???..............??????????????  ?????????????????????????????????????????????????   ???????????????????????????????   ???????????????????????????????????????????  ????????????????  pic.twitter.com/DwBKQdEl5J,0
#Loneliness 118   ????????????????????????????????????????????????????????????????????????????????????   ???????????  ?????????????????????????????w  ??????????????????????????????????????????????????????????  ??????????????????????????????????????????????????  ???????????????????????????????????.......  pic.twitter.com/ZeQ2QHgY0U,0
#Loneliness 117   ??????????????????????????????????????????????????????   ?????????????????????????????????????????????????????  ??????????????????????????????......  ?????????????????????????????????????????????????  ?????????????????????????????????????????????????????????????????????????????????????  ?????????????????????????????  pic.twitter.com/WH8Ft96AfL,0
#Loneliness 116   ?????.......   ??????????????????????????????   ????????????????????????????????   ?????????????????????????????????????????????????????????????????????????????????????????  ???????????????????????????????????????????????????????????????????????????????????  ???????????????????????????????????????????????????????????  pic.twitter.com/8lZLYcgAFG,0
#Loneliness 115    ???????????????????????????????.....   ?????????????????????????????   ??????????????????????????????    ??????   ??????????????????????????????????????   ?????????????????????????????????    ?????????.......   ???????????????????????????????????????????????????? ?????????????????????????????????????????  pic.twitter.com/5UJzYacFtj,0
#Loneliness 114  ??????????????????????????????????????????????????????????.......?????????????????????????   ?????????w??????????????????w??????????w   ??????????????????????????????????????????????????????????????????????2?????????????????????????   ?????????????????????????????????     ??????????????????????????????????????????????????????  pic.twitter.com/8JfdnOID7w,0
#Loneliness 113   ??????????????????????????????????????????????????????????????????????????????????????   ???????????????????????????????.......   ????????????????????????????????????????????????????????????????????????????????????????????   ????????????????????????????????????????????.......  ???????????????????????????????,0
#Loneliness 112    ?????????????????????    ??????????????????   ??????????????????????????????????  ????????????????????????????????????????????????????????????????????   ????????????????????????????????????????????????????????????????????????????????????????   ??????????????????????????   ???????????????????????????,0
#Loneliness 111  ????????????????????????????????????????????ww   ???????????????????w  ????????????????????????  ??????????????????????????????????????????????????????????????????????????????????????????????????????????????????????????????????????   ??????????????????????????????????????w   ???????????????ww,0
#Loneliness 110    ?????????????????????????   ???????????   ??????????????????????????????????????????   ????????    ????????????????????????w   ?????????????????????.......  ??????????????????????????????  ???????????????????????.......   ?????????????????????????????????????????,0
#Loneliness 109   ??????????????????????????????????   ??????????????????????????????????????????????????w   ?????????????????????????????   ???????????????????????????????????????????????   ?????????????????????????????????????????????????  ????????????????????????????????  pic.twitter.com/oQKuNeY8Sy,0
#Loneliness 108  ??????????????????????????????????????????????????????   ???????????? ????????????.......????????????   ??????????????????? ????????????????????   ?????????????????????????????????????????????????????????????????????????????????????????????????????????????????   ???????????  pic.twitter.com/v7HSPlUyft,0
#Loneliness 107   ???????????????????????????  ?????????????.......   ??????????????????????????   ??????????????????????????????????   ???????????????????????????????   ???????????????????????????????????????????????????????????????????????????????????????????????????????????????????   ?????????.......?????????????????,0
#Loneliness 106   ??????????????????????????????????????????????????????????????????????????????????????????????????????????????    ????????????   ???????????????????????????????????????????????????   ??????????????   ??????????????????????????????????????????   ??????.......     ????????????????????,0
#Loneliness 105    ????????????????????????????????????????????????????????????????????????????????????????????????????????????????????????????????????????????  ?????????????????????w?????????????????????w   ?????????????????????????????????????   ????????????w  ???????????  pic.twitter.com/hk5DWfjQ6P,0
#Loneliness 104  ???????????????????????????  ???????????????????????????????????????????????   ???????????????????  ?????????????????????????????????????????????????????????????   ?????????????????????ww  ???????????????????????????????????????????w   ?????????????   ??????????????????????????????????????????????????????????????????????????????,0
#Loneliness 103   ???????????????????????????????????  ??????????????????????????????????????????????????????????????????????????????????????????????????????????????????????????? ?????????????????????? ????????????????????????????????????????.......    ?????????????  ??????????????????????????????????????????????????????????????????????????????????????????  pic.twitter.com/boKg7TqAj7,0
#Loneliness 102  ???????????????????   ????????????   ???????????????w?????????w   ?????????????????????????????????????????????????????2???????????????  ????????????????????????????????????????????? ???????????????????????????????????????????????????????????????????????????   ???????????????????????????????w???????????????w  pic.twitter.com/3tH2gx1UMc,0
#Loneliness 101  ??????????????????????????????????????????????????????????????????????????????????????????????????????????????????????????   ??????????????????????????????   ????????????????????????????????????????????   ??????????????????????????????????????????????,0
The person who tries to keep everyone happy often end up feeling the loneliest???????? #quotes #loneliness #sad pic.twitter.com/bycoisYJ9A,0
"#balloon #loneliness #study  ??, ??? ?????? ?????????????.  --- ???????????? ??????? ??????? ???????:) ????????? ????????? ??????? ???????????? ??????? ???????????? pic.twitter.com/GSIrFcABIp",0
"“As social creatures we need to make social connections... nowadays we don’t band together to hunt for food. We need adequately maintained friendships to ward off #loneliness, which can lead to depression, immune system disorders, disease-causing inflammation”. #TheSleepDoctor pic.twitter.com/XPnlrQCyHH",0
"Being single is not that bad, you got time stay focus on your plans and goals, you don’t even have to deal with drama. Until 11pm hits and loneliness comes along ???? #sadniggahours #kidcudi #loneliness",1
A boo would be nice but nobody loves me ???? #loneliness #singlelife,1
Now playing #Tomcraft - #Loneliness on Forever Hits,0
????? ?? ???? ?? ?? ??? ????? ??? ??..!  #nightthoughts #loneliness,0
Staying alone .. Meditation time ... Sufian Session ... #Loneliness :),0
What are you doing if you feel lonely? #loneliness #thoughts,0
Premier League starts today???? it will definitely keep my mind off things. #loneliness #football,0
Relation and connection are not somewhere and sometimes but everywhere and always' Emerson #loneliness #healing #quote,0
WHO THE FUCK WANTS TO be my friend and talk about some random shit? I has the lonelies ???? #loneliness #friends #stonedaf pic.twitter.com/5fVLFsmCbT,1
"#alone again, #loneliness my oldest,  only friend.",1
How far a lonely person can go. #loneliness  pic.twitter.com/GbdKxgZodH,0
"I can't get the images of #hopelessness out of my mind. Everywhere was busy. It's not like there's no money around,  more like there's no will to change the status quo. #homelessness",0
"Where are you right now? At a cross-road of #life with despair & #hopelessness? Calm down! Jesus Christ knows where you are, how to get you out & how to get you back to life....Not just an empty life but a purposeful, meaningful, abundant & an eternal life! #Prayer4DUnsaved2019",0
"If you have NEVER experienced #hopelessness, you can’t pass—& shouldn’t be passing—#judgement on decisions people make out of hopelessness & utter desperation.  Trust me, I know!  #SellHope to the hopeless, they’ll buy it!",0
I’m 4 anything that’ll help but gun laws/background checks aren’t enough. We have a #hopelessness problem n this country. Until we alleviate the unnecessary suffering n this country we will continue 2 experience the consequences. Hurt ppl hurt ppl. Love & support prevents & HEALS,0
#Hopelessness How can i impress my crush if i always start acting weird when she talks to me or near me,0
One of the common misunderstandings about depression is that it's similar to feeling sad or down. Sometimes a people with hopelessness feels depression or vice versa.  #hopelessness #depressiondoctor #depression pic.twitter.com/iS5JSTQKPP,0
"Wont be watching Veronica Mars anymore. Wasnt it enough that she lost Lilly, Duncan and her own mother? Ya gotta strip her of everything? Theres got to be something uplifting in a show that makes you wanna keep watching. Makers of Veronice Mars you screwed up. BAD. #Hopelessness",0
"Join us for a chat over tea on the 26th of July, Friday at 05:00 PM to share your thoughts and inspire others on “#Hope from #Hopelessness”! Venue: Costa Rica, Bahria Phase 7 CUPSHUP - “Where communities meet, opinions are valued and stories are heard” #becausewecare pic.twitter.com/gdxq3FKZbK",0
"When I meditated and was healthy, i was much happier and contented...when I had my stroke in the 90's, less so. With my maladies and #Thyroid burnout last decade, even more less so. The #hopelessness was pervasive. Discovering this technique gave me some emotional control back...  pic.twitter.com/YS6sWOvlr3",1
??????????   i can't wait for the bridge to eventually collapse so i don't need to jump off myself. ???? #hopelessness #? pic.twitter.com/lMO6Tds2He,1
Days are really hard. Some of them are excruciating. Sometimes I can’t see the end. #Anxiety #Hopelessness #Solitude,1
"That moment when the President of a country declares that’s its God that will punish suicide bombers in the country, you know the country is in a state of emergency. #hopelessness",0
"I didn't think it was your job to fix ""Poverty"". I think that if you and #FakeMayor were to #DoYourJob there would be a lot less #Hopelessness in the neighborhoods.",0
May God restore your hope today. #followlife #hopelessness #tonbofa pic.twitter.com/jpwLKNRLMO,0
I don't know what leads more to #hopelessness and #desperation Getting invalidated or getting ignored with crying for help with #depression.,1
Today has not turned out to be a good day. #infertilitysucks #infertility #hopelessness  pic.twitter.com/jCG6EZ14Ea,1
"THE BASICS! Long ladders, nets, air mattresses which could have saved more lives were missing from the fire brigades. This is what we talk abt whn we say that WE NEED basic amenities rather than splurging money on building statues! #HOPELESSNESS #SuratFireTragedy",0
It's never too late to give up on your dreams ?? #existentialcrisis #nihilism #hopelessness,0
Hopelessness is thought to result from a negative appraisal system and interact with suicide schema and lead to suicidal behavior. #hopelessness #sadness #negative_thoughts pic.twitter.com/MwaMxzy59G,0
"#Hate is an erosion of the soul - caused by #hopelessness. People in positions of power who live a life of abundance and priviledge can use a hopeless population to reinforce their own agendas. DON'T let them use you by offering 'false hope'. ""Hope deferred makes the heart sick""  pic.twitter.com/17Aa4ABsx5",0
"Re: problems that continue to perplex us all:  Say not…“There is no silver bullet!”  (This is “being only human”, which is draining, and leads to #hopelessness)  But say…“There is no silver bullet,…YET!  (Acknowledges our divinity as well, is fulfilling, and gives us #hope)",0
"It’s a painfully hopeless life to live, with the mistake of keep trying not to hope of hoping not making more mistakes.#Hopelessness  pic.twitter.com/fUuOChsdyf",0
The Hate U Give shows hopelessness when Maverick is thrown onto the road by police without reason and is searched multiple times while his kids have to watch the police abuse their power because they can #hopelessness #theme,0
If you want to witness how fucked this society is pass by a school on a rainy day like today  #hopelessness,0
"""At the root of every #sin is a kind of #hopelessness - a hopelessness  which springs from the fear that we are nothing and nobody, that nobody  loves us and wants us, that nothing good will ever again happen to us.",0
"Where there is the “need” for #willpower, there is #hopelessness! For the strong, it is a false hope. And for the weak, it is no hope.",0
?????????? ?????? ?????????? ???????? ?? ??????  ???? ?????????? ???????? ???????? ??????   ???????? ?????? ???????? ?????? ???????? ????  ?????? ?????? ???? ???? ???????? ??????   #hopelessness,0
| #Hopelessness | Youngsters need to speak against their family when they are wrong #This_Is_Sad    ???????? ???? ?? ??? ?? ???? ?????? ??? ?????? ???? ?? ??? ?????: ?????????? ??? pic.twitter.com/9NusC7RpLi,0
The lies we believe ensnare us.  #quote #lies #hopelessness  pic.twitter.com/d1TlxzGsAg,0
Never thrive on the hopelessness of another regardless how adverse the relationship may be. Hopelessness is hell’s nuclear bomb. #hope #hoperising #hopelessness,0
"This morning, I’m resetting my world view. I can’t imagine not being able to save my child, my friend, my parent, or the stranger standing next to me from gun violence. Survivor guilt is brutal. Let us agree that modern mass shootings must stop. #hopelessness",0
What do we expect from a system where health care and education are among the most profitable commercial businesses?! #Hopelessness,0
#hopelessness is dangerous and deadly; hopeless people has nothing to loose.  #make sure children and young people are nurtured to be hopeful and see the beighter side of life.  RRM.,0
Why we loose hope in ourself When people demotivate us... #hopelessness #tryingtobecool,0
OMG! The commanding staff soon sensing the #hopelessness of the situation of the country estimated at 70 billion,0
Funny GIFs needed please!! Having a DARK BLUE day—-wondering what I got my 4 kids into after I’m dead. #hopelessness #blue,0
There’s an old saying about a place called “hell” where bad people go to after they die. The worst part about hell is not the flame ! It’s the hopelessness! And I think this’s part of hell that a person with depression really taste... the hopelessness.  #hopeless #hopelessness,0
Lost my job 3 1/2 months ago. Broke my back 2 weeks later.. bank account laughs when I need to pay bills or buy food.. #anxiety #depression #hopelessness I’ll keep fighting this up hill battle till I can’t but I need a vacation to reboot or find life!,1
"- “A” Socialist’s Esteemed Gift - when gazing from your throne at all the minions & masses below humbly & respectfully give them the gift that keeps on giving and thereto declare them equal, in every way, to one another.  #Hopelessness",0
"""Hopelessness. The children of blame are..."" from ""The 7 Habits of Highly..."" #Hopelessness  pic.twitter.com/m58kQNa0L1",0
Sometimes you just know.  #Oilers #NHL #hopelessness  pic.twitter.com/GuyYIRBjJr,0
"10:48 #inpatient  Would it be considered getting dressed if I put on a bra and jeans? I could remove the robe too... brush my hair?  Mood low, so it was a temporary elevation. I wish I could have enjoyed it.  #hopelessness #keepTalkingMH",1
"Hope is beginning to leave my body, one step at a time.  #hopelessness",1
"Some days the #hopelessness settles in the soul. The eyes don't twinkle, the lips forget to #smile and the #heart sinks.",0
A person with a broken spirit gives up............ nothing but #hopelessness keeps them up....... and suicide tells them their time is up (Proverbs 15:13),0
"I once heard that insecurities come in three types: A feeling of helplessness, a feeling of hopelessness, and a feeling of worthlessness.  #insecurity #worthlessness #hopelessness",0
"#anger, #sadness, and #hopelessness all serve very important roles in our lives. A much more important role that a positive tag line, designed in most part, to silence them, or you (e.g. “it could be worse”)!  We aren’t one size fits all.",0
No.  Poverty is without any hope of money or things that require money.#Hopelessness  pic.twitter.com/rldrBbhpv0,0
gelo.. abis baca ini.. sedih jg yaahh..   it's a very familiar sad feeling and i don't want to be this kind of mother but sometimes i can't help but feel like i'm falling into an inescapable toxic cycle..  i just.. want to cry.. ???? #patahsemangat #hopelessness  pic.twitter.com/ViQTrHoVRb,1
"Ever reach a point in your life when you realize you'll be broke in a couple years, and you just feel like IF MY BIG BREAK IS COMING, PLEASE LET IT BE NOW?  #depression #hopelessness",1
Nobody cares in real life and nobody cares here. I'm gonna stop sharing my nightmares to people who are more worried about likes than actually helping a person out. #SickNotWeak #KeepTalkingMH #Hopelessness,1
"You look tired, and a bit too quiet.... is it the silence of hopelessness ? #naaumeedi #hopelessness #silence",1
"Hopelessness and #discouragement want to take you down. Don’t let them! Let this change your life! CRITICAL SHORT READ: “#Hopelessness and Discouragement are a Curse! Give Them No Place in Your Life!”  wp.mebpavSn,eic  pic.twitter.com/p9d4WYb3JS",0
"?????????? 10 ???????? ??????????, ???????? ??????, ??????! how can I understand that shit??? why is that so fast? ???? #sadness #hopelessness",1
"Wajir county is becoming more of fucked  up crib since August 2017.  #HOPELESSNESS and nightmare   Economical shutdown,blackout,tribalism, inter-clan clashes, Impunity,staged managed Africa cinema,influx of non locals and many problems.  #WeFeelLikeToMigrate#",0
It is the first purpose of #hope to make #hopelessness bearable. Robert Brault,0
"Suicide, at 50-year peak #Capitalism #Hopelessness #IncomeGap pic.twitter.com/ORXFwCDC6G",0
Bui Bui Ah Boi dressed and acting like an uncle his eyes glued to the phone screen Sitting down at the first free seat  #hopelessness,0
Headed home from Dallas to bury my dog that we've had for 15 years... #imdying #imissmypuppy #depressed ????????????????,1
Seriously!? Abigail finds Chad in bed with Belle.. Well Chabby just sunk & I don't think they'll come back from that.. #depressed #Days,0
Getting ready for night shift tnite!! #depressed #NewYearsEve,1
So the guy I like…pretend to liked me*sigh*…hating life a lot… I feel like I'll never be happy again… #depressed #singleforever #selfhate,1
One of the most saddening disappointing moments of my life was when trix cereal stopped making their cereal into different shapes #depressed,0
365/365? Another step closer towards death. #depressed,1
No I'm not #thankful for my life. #depressed,1
"Being back in my hometown, such little time I get for myself to be #depressed as I truely am. Feel so choked by pretending I'm okay.",1
Maybe the reason I get so #depressed in February is the rebound from the #holidays,1
Going through #holidays are like going through #hell. #depressed,1
People are so thankful for their life around #newyears. I get #depressed because I don't feel anything. #truth,1
"Hope 2016 is a better year for me, 2015 wasn't good. Hope things can go right in my life. #depressed",1
2015 grand finale: Kalusha messes Phone and Laptop. #Depressed.,0
"Thought about #suicide more than once over the holidays, all I seem 2 be doin is drink #alcohol & stay in bed #depressed",1
Working New Years Eve ???????? #gymlife #work #depressed,1
I want some dick.  ???? #depressed,0
My #StarWars binge concluded with episode 3 last night. Anakin Skywalker's life is just heart breaking. ???? #depressed,0
"I am going to try and get some sleep. Not sure if i will be on tomorrow, #Depressed",1
When you make it far in a difficult Mario maker level and die. #depressed,0
Looks like it's one of those cry yourself to sleep nights... #depressed #cryingmyselftosleep,1
When you're up $80-$90 and lose it all because you just can't stop<<<<<<<< #Depressed,1
It's funny at night I hate sleeping but sleeping helps I just feel so dead now is there an explanation to this feeling? #stressed #depressed,1
came home to my parents taking down the christmas decorations. #depressed,0
I thought when your in relationships with someone they are suppose to help build you up not tear you down #depressed #fuckrelationships,1
really wanting to end my life right about now. #depression #depressed,1
"It's really so sad, these stories about shootings. Makes me feel so #depressed trying to keep my head up and not crash down again. Z",1
"Damn, ""Dear John"" is really fucking me up right now... ???????????????? #depressed lbs",0
I've just ate 5 bags of sweets. WHAT IS LIFE #depressed,1
Just realized that when I wake tomorrow #Serial episode 3 will not be under my dying xmas tree.  #literallynorfiguratively #depressed,0
"#depressed  may the sadness not pull you in the void, may you speak your mind and let your feelings show, but sometimes you are numb to joy",0
the tears will cry #depressed  the pain will tear the world may hope #hope  life may live #livefreewithoutviolence,0
That moment when you remember the Blue Bell ice cream in your freezer... After you've left Texas... ???????????????? #BlueBell #depressed,0
Him:it was a mistake dating u Me:I'm sorry I'm not good enough Him:throws rocks at me Me:takes the pain #depressed,0
Curry really can't play tonight #depressed but the rest of the Warriors got it ??????????????????????????????????,0
I guess it's because I'm not feeling well that I feel so low.  Throat is starting to flare and I can't cope with it right now. #depressed,1
"#depressed, #tired, #alone,.. Stfu You're only 15 You just started your life",1
Literally going to make 2016 the best of it cause this year was true hell #depressed ????,0
I find #NewYearsResolutions to be very useful. They give me lots of things to be #depressed about in the coming year.,0
Omg doorbell ring and I thought it was him…I hate anxiety attacks… #depressed #anxiety #selfhate,1
I don't remember the last time I've cried this much from being sick. #sick #depressed #inflorida ????????,1
It really needs to start snowing #needtoshred #depressed,1
No more scioly for the rest of the year #sad #depressed #whatalife,1
when u want bae to be bae but he caps ur relationship at fam #depressed #sad #heneedssomemilk,1
I'll just stay in bed today #depressed,1
Feeling very very lazy to pack :( I don't want to go home just yet !! #depressed #holidaysover ????,1
"I don't want to be here anymore, and nobody would care if i did go, so why am I still here? #depressedgirl #depressedteen #depressed",1
So far he stop texting me…after I said something…so hopefully he doesn't show up at my house… #depressed #scare #selfhate,1
Dan is #Depressed ????because he never #Sleeps ????????because his parents are #Christian ???????1RT= 1 minute ???? of sleep ???? for DanIsNotOnFire????????,0
I just asked this customer about her cable box and she went left field and was telling me all the issues in her life ???? #depressed,0
Officially done with greys anatomy ???????? #mylifeisover #depressed,0
You don't matter anymore- feeling down ???? #depressed ???? #wtf,0
Working on the day before new eve's day... Oh how I miss my childhood and those long christmas/new years breaks... #depressed,1
Crying once again…I have something repeating in my head over and over…I'm crying… #depressed #cryinf #selfhate,1
"#Anxious or #Depressed? Non-Profit Organization offers help, 24/7. 1-800-273-TALK (8255)",0
6 Day Cooldown on CSGO competitive only cause i kicked an AFK! Thats dumb ... #mad #depressed,0
My night was amazing and awesome than it turned to shit really quickly #depressed #worried,1
"Sleeping for 12+ hours at a time, and fantasizing about ways to kill myself. #Depressed",1
I can't sleep knowing Brittany is leaving in a couple days.. ???????? #depressed,0
When you feel like you have no friends at work anymore  #depressed #left out,1
Headaches suck after crying so much…but he finally texted me????… #depressed #cryingstop,1
I feel like he lost interest in me he doesn't text me back…crying sucks…when he saw your story on snapchat… #depressed #alone #crying,1
I don't think I wanna see #TheGoodDinosaur for awhile #depressed Disney you went to far with the feels.. and I thought Brother Bear was bad,0
My family has been using my blue oil like its water and I gave Ahmed my last blue oil #depressed,0
Why do you cut your ankle? It's easier to hide and I can't handle people finding out they'll pretend to care and hurt me again #depressed,1
"they don't see me when I'm crying running a blade down my ankle, maybe then they'd think twice before they said what they said #depressed",1
Balling my eyes out because I only have 3 days left with Zachary and I work....???? #depressed,1
*sigh* ???? I haven't cried so much…I'm in so much pain… #depressed #cryin #selfhate,1
The #funniest people are often also the most #depressed. #depression,0
That moment when you get blindsided by something you wasn't expecting & now in a state of total disappointment & heartache....#depressed,1
Art hasn't tweeted lately because he lacks #socialmedia access (and also access to ropes and sharp objects). He's #depressed. #stafftweets,0
just so depressed anymore ???????? #MusicallyApp #Depressed  pic.twitter.com/rcv1I6pAk7,0
"If I could, I would stay in bed until next Monday. #depressed",1
Cant wear makeup for a while #depressed????,1
Why did I just read through my old DMs. Fml #depressed,1
Victoria secret has a sale but my wallet is dry af'???? #depressed,1
"Always thought helping others would come back when you need it most, unfortunately beginning to think otherwise... #disillusioned #depressed",0
Accept that you are #depressed and it’s not your fault. Telling yourself to ??Pull yourself together’ or ??Snap out of it’ won’t help.,0
"I was at my aunt's, all happy with my cousins and no music. My dad picks me up and he starts arguing with me now I need my music #depressed",0
Apparently you get a free pass just by mentioning #depressed #mentalDisorder #Suicidal Where was I on the free badge day??!!,0
I'm in desperate need of a good hug and a hot cup of coffee. I have no one here to hug me right now and no coffee maker at all. #Depressed,1
I am so damned sick of the near-zero degree temperatures we've had since Xmas eve. I just want to be warm again... #Depressed #IHateCold,1
idk what to do with this acc - #depressed#sad#secret_society123#love#inlove#spam4spam#follow4follow#cwd#sfs#quotes#…  pic.twitter.com/uOmcxfhKxk,0
On the way to Harris teeter I see white ducks on the way back I see dead ducks and white feathers everywhere #depressed #rip,0
Been kicked to the kerb by a big company yet again in my quest 4 a decent job #disabilitydiscrimination #depressed #upset,1
I decided to get fat over the holidays from thanksgiving to New Years. This is my last week of pigging out #depressed,1
Bloody bath.   #depressed #suicidal pic.twitter.com/FTAiXlH8zD,0
Not having a good week #depressed #pain #sleep,1
"You promised you wouldn't leave, lie or hurt me. . .  But now I'm stuck being all alone, waiting for you to need me again. . .   #depressed",1
"Guys, I have nothing to live for. I am tired of living here. Even my friends couldn't cheer me up. #tiredoflife #depressed #crying",1
What should i do with my life...so many things that i should do but so many things i dont wanna be doing #depressed,1
I'm the most #depressed person whn i am at home i guess..cuz thn u huv enough time to think abt all the nonsense!!  #IhateIt,1
I'm definitely not bringing them out in this weather to get a coffee. #depressed #deliveryplease,0
"There's a moment na I'm not happy anymore. Even if I have a bit of freedom, cars, money, gadgets, I can't help it. #depressed #exhausted",0
I guess my vacation is over... Back to work I go. #depressed ????,0
#Psychological_fact You get #depressed because you know that you're not what you should be...,0
Chris Lynn just beat my ATAR #depressed,0
Look at me now how #depressed a then a mufuckha,0
Why do people have a constant desire to talk to me? Can't y'all just leave me alone to be miserable and wallow in self loathing? #depressed,1
It's my 21st today. And about 3% people actually give a damn. #Depressed,1
"Gene Simmons, Ph.D. offers mental wellbeing to #depressed souls. #DearMentalHealthProfessionals",0
"#Anxious or #Depressed? Non-Profit Organization offers help, 24/7. 1-800-273-TALK (8255)",0
Music is just my best friend…fix everything I guess… #depressed #selfhate #music,0
Crying so much…I fuck up… he's just reading my messages… #depressed,1
Thankxxx God Mids of B.Ed Over But.....  Finals of LL.B ahead....  Starting of New Year with Examsss..... #Depressed,0
May have to cut down on the Mexican foods. #depressed #needsthatinmylife,0
Last time hanging with silken and dorian before they move to Florida #depressed #dontleave,0
staying up late because mommies not home #depressed #missingmommy ????,0
Looks like I'm getting super greenied and watching Portlandia #depressed #professionalACTtaker,0
Hammered af. And just watched the bengals lose. #depressed,0
Don't know why I feel so #depressed today. :/,1
This night went to hell…can't I ever shut up… #cryingsobad #depressed,1
I strongly believe in there if #theone for everyone. I haven't met it yet. #lost #depressed,0
"Was it the molly that made you ""like"" me? #nothingisreal #depressed",0
"All my pals shopping together, getting food, getting steaming and going to clubs while I'm slaving away on the night shift #depressed",0
"We planned for this wedding 362 days, all for Mother Nature to go and fuck everything up...thanks a bunch #depressed",0
Had to return this whip today #Depressed #neednewcar ???? pic.twitter.com/uzndmFgfXp,0
"#life. Thinking, Am I where I am supposed to be?  If yes why do I feel so #Lonely and #Depressed?",0
After marathoning Chuck on Netflix I've finally finished it and now I'm depressed. Damn you #ZacharyLevi !!! #depressed #WhatDoIDoNow?,0
If Only he loved Enuff to make me feel happy #Unhappy #Depressed,0
Damn I don't wanna go to work. :( #depressed lmao,0
Operation hang out at the Cleveland airport today. #nowyoucangobackhome #depressed,0
Is it possible that universal justice & equality are simply un-realizable under the current regime? Is there no hope?? #Depressed #TamirRice,0
I finished Game of Thrones last night.....what am I gonna do with my life until April ? #depressed,0
I guess I hurt everyone…I guess I'm just fucking liar…i can't take it anymore… #depressed,1
"Watching the Victoria secret fashion show was an error, never want to eat again #depressed #bodiestodiefor",0
I hate my life…it never going get better…depression is hell…I feel no one understand me…I only understand myself… #depressed,1
Why don't people listen? #depressed #sucksass #ineedtomanup,1
Honestly I wish I could be chilling with my bro right now.. ???????? #depressed,0
These overwhelming emotions are too much #depressed #crying #pcos,1
Here he is again #rivalformyhumansaffections can't bear him and he's stolen my sofa #depressed  pic.twitter.com/d7Goi5D2pZ,0
My friend…knows how to make me feel happy…he's so kind… #depressed #feelinglittlebetter,0
I've been impressed by Karanka at Middlesbrough. Of course we'll stick with Martinez until he decides to leave. Becoming #depressed,0
"Well, the good thing is that I don't cut myself anymore tho. #depressed",0
"Squad of donkeys, managed by an idiot, owned by a C***. Down + Out before we get to 2016 #Avfc #Depressed",0
Wait. Dont you think that the scarves are actually teaser? #depressed #TeamWINNER,0
No matter how much you tell yourself that you've accepted relegation it takes a day like today to prove that you haven't #avfc #depressed,0
#Depressed brains have some of the most tiring dreams. Maybe because they're some of the most vivid?,0
Achieved none of things I'd planned to do over holiday period. Can't get motivated & to be honest don't see the point. #exhausted #depressed,1
Weighing myself after the holidays was a terrible idea #depressed,1
????When your days are grey and he gets the best of you.....even when you don't want to. ????#Attachment #Depressed #Unfair,1
2AM where do i begin? crying off my face again. #depressed,1
What does murmuring and complaining do to our psyche? #depressed   Start thinking of what you have and say thanks you alive,0
I wish the best to those dealing w/ an internal struggle like mine. I know how hard it can hit at times.Depression hurts. #autism #depressed,1
I'm not doing so good…????…I keep overthinking… #depressed #crying #selfhate pic.twitter.com/EHOToC0XWD,1
"fuck no, rita died. I don't even wanna finish dexter #depressed",0
I feel so fucking alone tonight I just don't even care about living right now. #seasonalaffectivedisorder #depressed,1
How many times I went through Hell? I can't remember ???????? cause I've been there to many times #Depressed #WhatILearnedIn2015,1
If I don't say goodbye that means you'll see me again maybe not right away but we'll meet again #Depressed #WhatILearnedIn2015,0
Laying in bed listening to Christmas music... #christmasdontgo #depressed,0
